"","unit_id","unit_type","step","month_id","last_month_id_of_data_used","chadefaux_s4"
"473",1,"cm",4,488,484,0.00438052404889917
"474",1,"cm",4,489,485,0.00438052404889917
"475",1,"cm",4,490,486,0.00438052404889917
"476",1,"cm",4,491,487,0.00438052404889917
"477",1,"cm",4,492,488,0.00438052404889917
"1074",2,"cm",4,488,484,0.00438052404889917
"1075",2,"cm",4,489,485,0.00438052404889917
"1076",2,"cm",4,490,486,0.00438052404889917
"1077",2,"cm",4,491,487,0.00438052404889917
"1078",2,"cm",4,492,488,0.00438052404889917
"1675",3,"cm",4,488,484,0.00438052404889917
"1676",3,"cm",4,489,485,0.00438052404889917
"1677",3,"cm",4,490,486,0.00438052404889917
"1678",3,"cm",4,491,487,0.00438052404889917
"1679",3,"cm",4,492,488,0.00438052404889917
"2276",4,"cm",4,488,484,0.00438052404889917
"2277",4,"cm",4,489,485,0.00438052404889917
"2278",4,"cm",4,490,486,0.00438052404889917
"2279",4,"cm",4,491,487,0.00438052404889917
"2280",4,"cm",4,492,488,0.00438052404889917
"2877",5,"cm",4,488,484,0.00438052404889917
"2878",5,"cm",4,489,485,0.00438052404889917
"2879",5,"cm",4,490,486,0.00438052404889917
"2880",5,"cm",4,491,487,0.00438052404889917
"2881",5,"cm",4,492,488,0.00438052404889917
"3478",6,"cm",4,488,484,0.00438052404889917
"3479",6,"cm",4,489,485,0.00438052404889917
"3480",6,"cm",4,490,486,0.00438052404889917
"3481",6,"cm",4,491,487,0.00438052404889917
"3482",6,"cm",4,492,488,0.00438052404889917
"4079",7,"cm",4,488,484,0.00438052404889917
"4080",7,"cm",4,489,485,0.00438052404889917
"4081",7,"cm",4,490,486,0.00438052404889917
"4082",7,"cm",4,491,487,0.00438052404889917
"4083",7,"cm",4,492,488,0.00438052404889917
"4680",8,"cm",4,488,484,0.00438052404889917
"4681",8,"cm",4,489,485,0.00438052404889917
"4682",8,"cm",4,490,486,0.00438052404889917
"4683",8,"cm",4,491,487,0.00438052404889917
"4684",8,"cm",4,492,488,0.00438052404889917
"5281",9,"cm",4,488,484,0.0868394465146322
"5282",9,"cm",4,489,485,0.0602083562391985
"5283",9,"cm",4,490,486,0.0602083562391985
"5284",9,"cm",4,491,487,0.168099648216947
"5285",9,"cm",4,492,488,0.00438052404889917
"5882",10,"cm",4,488,484,0.00438052404889917
"5883",10,"cm",4,489,485,0.00438052404889917
"5884",10,"cm",4,490,486,0.00438052404889917
"5885",10,"cm",4,491,487,0.00438052404889917
"5886",10,"cm",4,492,488,0.00438052404889917
"6483",11,"cm",4,488,484,0.00438052404889917
"6484",11,"cm",4,489,485,0.00438052404889917
"6485",11,"cm",4,490,486,0.00438052404889917
"6486",11,"cm",4,491,487,0.00438052404889917
"6487",11,"cm",4,492,488,0.00438052404889917
"7084",12,"cm",4,488,484,0.00438052404889917
"7085",12,"cm",4,489,485,0.00438052404889917
"7086",12,"cm",4,490,486,0.00438052404889917
"7087",12,"cm",4,491,487,0.00438052404889917
"7088",12,"cm",4,492,488,0.00438052404889917
"7685",13,"cm",4,488,484,0.107063692157342
"7686",13,"cm",4,489,485,0.213026044923195
"7687",13,"cm",4,490,486,0.213026044923195
"7688",13,"cm",4,491,487,0.0951110342880553
"7689",13,"cm",4,492,488,0.127119048666272
"8286",14,"cm",4,488,484,0.00438052404889917
"8287",14,"cm",4,489,485,0.00438052404889917
"8288",14,"cm",4,490,486,0.00438052404889917
"8289",14,"cm",4,491,487,0.00438052404889917
"8290",14,"cm",4,492,488,0.00438052404889917
"8887",16,"cm",4,488,484,0.00438052404889917
"8888",16,"cm",4,489,485,0.00438052404889917
"8889",16,"cm",4,490,486,0.00438052404889917
"8890",16,"cm",4,491,487,0.00438052404889917
"8891",16,"cm",4,492,488,0.00438052404889917
"9488",17,"cm",4,488,484,0.00279026378156813
"9489",17,"cm",4,489,485,0.104959245056169
"9490",17,"cm",4,490,486,0.106699019473024
"9491",17,"cm",4,491,487,0.122883301281968
"9492",17,"cm",4,492,488,0.0493735100488355
"10089",18,"cm",4,488,484,0.00438052404889917
"10090",18,"cm",4,489,485,0.00438052404889917
"10091",18,"cm",4,490,486,0.00438052404889917
"10092",18,"cm",4,491,487,0.00438052404889917
"10093",18,"cm",4,492,488,0.00438052404889917
"10690",19,"cm",4,488,484,0.00438052404889917
"10691",19,"cm",4,489,485,0.00438052404889917
"10692",19,"cm",4,490,486,0.00438052404889917
"10693",19,"cm",4,491,487,0.00438052404889917
"10694",19,"cm",4,492,488,0.00438052404889917
"11291",20,"cm",4,488,484,0.00438052404889917
"11292",20,"cm",4,489,485,0.00438052404889917
"11293",20,"cm",4,490,486,0.00438052404889917
"11294",20,"cm",4,491,487,0.00438052404889917
"11295",20,"cm",4,492,488,0.00438052404889917
"11892",21,"cm",4,488,484,0.00438052404889917
"11893",21,"cm",4,489,485,0.00438052404889917
"11894",21,"cm",4,490,486,0.00438052404889917
"11895",21,"cm",4,491,487,0.00438052404889917
"11896",21,"cm",4,492,488,0.00438052404889917
"12493",22,"cm",4,488,484,0.00438052404889917
"12494",22,"cm",4,489,485,0.00438052404889917
"12495",22,"cm",4,490,486,0.00438052404889917
"12496",22,"cm",4,491,487,0.00438052404889917
"12497",22,"cm",4,492,488,0.00438052404889917
"13094",23,"cm",4,488,484,0.00438052404889917
"13095",23,"cm",4,489,485,0.00438052404889917
"13096",23,"cm",4,490,486,0.00438052404889917
"13097",23,"cm",4,491,487,0.00438052404889917
"13098",23,"cm",4,492,488,0.00438052404889917
"13695",24,"cm",4,488,484,0.00438052404889917
"13696",24,"cm",4,489,485,0.00438052404889917
"13697",24,"cm",4,490,486,0.00438052404889917
"13698",24,"cm",4,491,487,0.00438052404889917
"13699",24,"cm",4,492,488,0.00438052404889917
"14296",25,"cm",4,488,484,0.00438052404889917
"14297",25,"cm",4,489,485,0.00438052404889917
"14298",25,"cm",4,490,486,0.00438052404889917
"14299",25,"cm",4,491,487,0.00438052404889917
"14300",25,"cm",4,492,488,0.00438052404889917
"14897",26,"cm",4,488,484,0.00438052404889917
"14898",26,"cm",4,489,485,0.00438052404889917
"14899",26,"cm",4,490,486,0.00438052404889917
"14900",26,"cm",4,491,487,0.00438052404889917
"14901",26,"cm",4,492,488,0.00438052404889917
"15498",27,"cm",4,488,484,0.00438052404889917
"15499",27,"cm",4,489,485,0.00438052404889917
"15500",27,"cm",4,490,486,0.00438052404889917
"15501",27,"cm",4,491,487,0.00438052404889917
"15502",27,"cm",4,492,488,0.00438052404889917
"16099",28,"cm",4,488,484,0.0224656056712227
"16100",28,"cm",4,489,485,-0.155704573988417
"16101",28,"cm",4,490,486,0.0152776156112569
"16102",28,"cm",4,491,487,0.0808021364802406
"16103",28,"cm",4,492,488,0.0223398239249352
"16700",29,"cm",4,488,484,0.00438052404889917
"16701",29,"cm",4,489,485,0.00438052404889917
"16702",29,"cm",4,490,486,0.00438052404889917
"16703",29,"cm",4,491,487,0.00438052404889917
"16704",29,"cm",4,492,488,0.00438052404889917
"17301",30,"cm",4,488,484,0.00438052404889917
"17302",30,"cm",4,489,485,0.00438052404889917
"17303",30,"cm",4,490,486,0.00438052404889917
"17304",30,"cm",4,491,487,0.00438052404889917
"17305",30,"cm",4,492,488,0.00438052404889917
"17902",31,"cm",4,488,484,0.00438052404889917
"17903",31,"cm",4,489,485,0.00438052404889917
"17904",31,"cm",4,490,486,0.00438052404889917
"17905",31,"cm",4,491,487,0.00438052404889917
"17906",31,"cm",4,492,488,0.00438052404889917
"18503",32,"cm",4,488,484,0.00438052404889917
"18504",32,"cm",4,489,485,0.00438052404889917
"18505",32,"cm",4,490,486,0.00438052404889917
"18506",32,"cm",4,491,487,0.00438052404889917
"18507",32,"cm",4,492,488,0.00438052404889917
"19104",33,"cm",4,488,484,0.00438052404889917
"19105",33,"cm",4,489,485,0.00438052404889917
"19106",33,"cm",4,490,486,0.00438052404889917
"19107",33,"cm",4,491,487,0.00438052404889917
"19108",33,"cm",4,492,488,0.00438052404889917
"19705",34,"cm",4,488,484,0.00438052404889917
"19706",34,"cm",4,489,485,0.00438052404889917
"19707",34,"cm",4,490,486,0.00438052404889917
"19708",34,"cm",4,491,487,0.00438052404889917
"19709",34,"cm",4,492,488,0.00438052404889917
"20306",35,"cm",4,488,484,0.00438052404889917
"20307",35,"cm",4,489,485,0.00438052404889917
"20308",35,"cm",4,490,486,0.00438052404889917
"20309",35,"cm",4,491,487,0.00438052404889917
"20310",35,"cm",4,492,488,0.00438052404889917
"20907",36,"cm",4,488,484,0.00438052404889917
"20908",36,"cm",4,489,485,0.00438052404889917
"20909",36,"cm",4,490,486,0.00438052404889917
"20910",36,"cm",4,491,487,0.00438052404889917
"20911",36,"cm",4,492,488,0.00438052404889917
"21508",37,"cm",4,488,484,0.00438052404889917
"21509",37,"cm",4,489,485,0.00438052404889917
"21510",37,"cm",4,490,486,0.00438052404889917
"21511",37,"cm",4,491,487,0.00438052404889917
"21512",37,"cm",4,492,488,0.00438052404889917
"22109",38,"cm",4,488,484,0.00438052404889917
"22110",38,"cm",4,489,485,0.00438052404889917
"22111",38,"cm",4,490,486,0.00438052404889917
"22112",38,"cm",4,491,487,0.00438052404889917
"22113",38,"cm",4,492,488,0.00438052404889917
"22710",39,"cm",4,488,484,0.00438052404889917
"22711",39,"cm",4,489,485,0.00438052404889917
"22712",39,"cm",4,490,486,0.00438052404889917
"22713",39,"cm",4,491,487,0.00438052404889917
"22714",39,"cm",4,492,488,0.00438052404889917
"23311",40,"cm",4,488,484,0.00438052404889917
"23312",40,"cm",4,489,485,0.00438052404889917
"23313",40,"cm",4,490,486,0.00438052404889917
"23314",40,"cm",4,491,487,0.00438052404889917
"23315",40,"cm",4,492,488,0.00438052404889917
"23912",41,"cm",4,488,484,0.00438052404889917
"23913",41,"cm",4,489,485,0.00438052404889917
"23914",41,"cm",4,490,486,-1.86786306011963
"23915",41,"cm",4,491,487,0.506796554805571
"23916",41,"cm",4,492,488,0.0792819259167939
"24513",42,"cm",4,488,484,0.290230727241933
"24514",42,"cm",4,489,485,0.290230727241933
"24515",42,"cm",4,490,486,0.411015229211122
"24516",42,"cm",4,491,487,0.367023249009021
"24517",42,"cm",4,492,488,0.00438052404889917
"25114",43,"cm",4,488,484,0.00438052404889917
"25115",43,"cm",4,489,485,0.00438052404889917
"25116",43,"cm",4,490,486,0.00438052404889917
"25117",43,"cm",4,491,487,0.00438052404889917
"25118",43,"cm",4,492,488,0.00438052404889917
"25715",45,"cm",4,488,484,0.00438052404889917
"25716",45,"cm",4,489,485,0.00438052404889917
"25717",45,"cm",4,490,486,0.00438052404889917
"25718",45,"cm",4,491,487,0.00438052404889917
"25719",45,"cm",4,492,488,0.00438052404889917
"26316",46,"cm",4,488,484,0.00438052404889917
"26317",46,"cm",4,489,485,0.00438052404889917
"26318",46,"cm",4,490,486,0.00438052404889917
"26319",46,"cm",4,491,487,0.00438052404889917
"26320",46,"cm",4,492,488,0.00438052404889917
"26917",47,"cm",4,488,484,0.025514219419608
"26918",47,"cm",4,489,485,-0.0465491887741122
"26919",47,"cm",4,490,486,0.0301830683478586
"26920",47,"cm",4,491,487,0.00744417845796895
"26921",47,"cm",4,492,488,-0.0709981946535516
"27518",48,"cm",4,488,484,0.00438052404889917
"27519",48,"cm",4,489,485,0.00438052404889917
"27520",48,"cm",4,490,486,0.00438052404889917
"27521",48,"cm",4,491,487,0.00438052404889917
"27522",48,"cm",4,492,488,0.00438052404889917
"28119",49,"cm",4,488,484,0.00438052404889917
"28120",49,"cm",4,489,485,0.00438052404889917
"28121",49,"cm",4,490,486,0.00438052404889917
"28122",49,"cm",4,491,487,0.00438052404889917
"28123",49,"cm",4,492,488,0.00438052404889917
"28720",50,"cm",4,488,484,-0.0594788111978934
"28721",50,"cm",4,489,485,0.0212442897421409
"28722",50,"cm",4,490,486,0.0275229498227331
"28723",50,"cm",4,491,487,-0.0180846061642799
"28724",50,"cm",4,492,488,0.0544957081362693
"29321",52,"cm",4,488,484,0.00438052404889917
"29322",52,"cm",4,489,485,0.00438052404889917
"29323",52,"cm",4,490,486,-1.51501814576223
"29324",52,"cm",4,491,487,0.0633573845144803
"29325",52,"cm",4,492,488,0.148059404250914
"29922",53,"cm",4,488,484,0.00438052404889917
"29923",53,"cm",4,489,485,0.00438052404889917
"29924",53,"cm",4,490,486,0.00438052404889917
"29925",53,"cm",4,491,487,0.00438052404889917
"29926",53,"cm",4,492,488,0.00438052404889917
"30523",54,"cm",4,488,484,0.0526325584045401
"30524",54,"cm",4,489,485,0.00438052404889917
"30525",54,"cm",4,490,486,0.00438052404889917
"30526",54,"cm",4,491,487,0.00438052404889917
"30527",54,"cm",4,492,488,0.00438052404889917
"31124",55,"cm",4,488,484,0.00438052404889917
"31125",55,"cm",4,489,485,0.00438052404889917
"31126",55,"cm",4,490,486,0.00438052404889917
"31127",55,"cm",4,491,487,0.00438052404889917
"31128",55,"cm",4,492,488,0.00438052404889917
"31725",56,"cm",4,488,484,0.00438052404889917
"31726",56,"cm",4,489,485,0.00438052404889917
"31727",56,"cm",4,490,486,0.00438052404889917
"31728",56,"cm",4,491,487,0.00438052404889917
"31729",56,"cm",4,492,488,0.00438052404889917
"32326",57,"cm",4,488,484,0.0302569167970981
"32327",57,"cm",4,489,485,-0.0640939593913432
"32328",57,"cm",4,490,486,-0.0743828154138899
"32329",57,"cm",4,491,487,0.0325831225288494
"32330",57,"cm",4,492,488,0.100521681101126
"32927",58,"cm",4,488,484,0.00438052404889917
"32928",58,"cm",4,489,485,0.00438052404889917
"32929",58,"cm",4,490,486,0.00438052404889917
"32930",58,"cm",4,491,487,0.00438052404889917
"32931",58,"cm",4,492,488,0.00438052404889917
"33528",60,"cm",4,488,484,-0.074243500591466
"33529",60,"cm",4,489,485,-0.0132986223576634
"33530",60,"cm",4,490,486,-0.0770220311453571
"33531",60,"cm",4,491,487,-0.00669697199808247
"33532",60,"cm",4,492,488,0.00847258670043177
"34129",62,"cm",4,488,484,0.00438052404889917
"34130",62,"cm",4,489,485,0.00438052404889917
"34131",62,"cm",4,490,486,0.00438052404889917
"34132",62,"cm",4,491,487,0.00438052404889917
"34133",62,"cm",4,492,488,0.00438052404889917
"34730",63,"cm",4,488,484,0.0945005296471113
"34731",63,"cm",4,489,485,0.282830788940016
"34732",63,"cm",4,490,486,0.00438052404889917
"34733",63,"cm",4,491,487,0.00438052404889917
"34734",63,"cm",4,492,488,0.00438052404889917
"35331",64,"cm",4,488,484,0.00438052404889917
"35332",64,"cm",4,489,485,0.00438052404889917
"35333",64,"cm",4,490,486,0.00438052404889917
"35334",64,"cm",4,491,487,0.00438052404889917
"35335",64,"cm",4,492,488,0.00438052404889917
"35932",65,"cm",4,488,484,-0.0332333124837901
"35933",65,"cm",4,489,485,-0.297273911026204
"35934",65,"cm",4,490,486,0.0609059291950388
"35935",65,"cm",4,491,487,0.00658898169396504
"35936",65,"cm",4,492,488,0.0622483934989683
"36533",66,"cm",4,488,484,0.00438052404889917
"36534",66,"cm",4,489,485,0.00438052404889917
"36535",66,"cm",4,490,486,0.00438052404889917
"36536",66,"cm",4,491,487,0.00438052404889917
"36537",66,"cm",4,492,488,0.00438052404889917
"37134",67,"cm",4,488,484,-0.169604945507385
"37135",67,"cm",4,489,485,-0.0367202932888273
"37136",67,"cm",4,490,486,-0.0797977075138364
"37137",67,"cm",4,491,487,-0.0217991078581074
"37138",67,"cm",4,492,488,-0.102425084923474
"37735",68,"cm",4,488,484,0.00438052404889917
"37736",68,"cm",4,489,485,0.00438052404889917
"37737",68,"cm",4,490,486,0.00438052404889917
"37738",68,"cm",4,491,487,0.00438052404889917
"37739",68,"cm",4,492,488,0.00438052404889917
"38336",69,"cm",4,488,484,-0.0356270829232835
"38337",69,"cm",4,489,485,-0.0324301708065215
"38338",69,"cm",4,490,486,-0.05621363701766
"38339",69,"cm",4,491,487,-0.0505657836317776
"38340",69,"cm",4,492,488,-0.00642308372855767
"38937",70,"cm",4,488,484,0.0173007528268104
"38938",70,"cm",4,489,485,-0.0630068629722137
"38939",70,"cm",4,490,486,0.0111775025295382
"38940",70,"cm",4,491,487,0.0205238722276657
"38941",70,"cm",4,492,488,0.0187380595727864
"39538",72,"cm",4,488,484,0.00438052404889917
"39539",72,"cm",4,489,485,0.00438052404889917
"39540",72,"cm",4,490,486,0.00438052404889917
"39541",72,"cm",4,491,487,0.00438052404889917
"39542",72,"cm",4,492,488,0.00438052404889917
"40139",73,"cm",4,488,484,0.028081460283565
"40140",73,"cm",4,489,485,-0.0486774833383614
"40141",73,"cm",4,490,486,0.00953700818622026
"40142",73,"cm",4,491,487,0.083846209573186
"40143",73,"cm",4,492,488,0.00748162092325657
"40740",74,"cm",4,488,484,0.0864065579052397
"40741",74,"cm",4,489,485,0.0360010888562876
"40742",74,"cm",4,490,486,0.104672530777175
"40743",74,"cm",4,491,487,0.0471048154729967
"40744",74,"cm",4,492,488,1.9307188263833
"41341",76,"cm",4,488,484,0.00438052404889917
"41342",76,"cm",4,489,485,0.00438052404889917
"41343",76,"cm",4,490,486,0.00438052404889917
"41344",76,"cm",4,491,487,0.00438052404889917
"41345",76,"cm",4,492,488,0.00438052404889917
"41942",77,"cm",4,488,484,0.00438052404889917
"41943",77,"cm",4,489,485,0.00438052404889917
"41944",77,"cm",4,490,486,0.00438052404889917
"41945",77,"cm",4,491,487,0.00438052404889917
"41946",77,"cm",4,492,488,0.00438052404889917
"42543",78,"cm",4,488,484,-0.0566465088643878
"42544",78,"cm",4,489,485,-0.0221217444728288
"42545",78,"cm",4,490,486,-0.00278868661134317
"42546",78,"cm",4,491,487,-0.0696318458215142
"42547",78,"cm",4,492,488,-0.0296442640020417
"43144",79,"cm",4,488,484,-0.0802884027610945
"43145",79,"cm",4,489,485,-0.0779806753565525
"43146",79,"cm",4,490,486,0.00494021433498255
"43147",79,"cm",4,491,487,-0.00207017650213776
"43148",79,"cm",4,492,488,0.0923714522259852
"43745",80,"cm",4,488,484,0.00438052404889917
"43746",80,"cm",4,489,485,0.00438052404889917
"43747",80,"cm",4,490,486,0.00438052404889917
"43748",80,"cm",4,491,487,0.00438052404889917
"43749",80,"cm",4,492,488,0.00438052404889917
"44346",81,"cm",4,488,484,0.00438052404889917
"44347",81,"cm",4,489,485,0.00438052404889917
"44348",81,"cm",4,490,486,0.00438052404889917
"44349",81,"cm",4,491,487,0.00438052404889917
"44350",81,"cm",4,492,488,0.00438052404889917
"44947",82,"cm",4,488,484,0.00438052404889917
"44948",82,"cm",4,489,485,0.00438052404889917
"44949",82,"cm",4,490,486,0.00438052404889917
"44950",82,"cm",4,491,487,0.00438052404889917
"44951",82,"cm",4,492,488,0.00438052404889917
"45548",83,"cm",4,488,484,0.00438052404889917
"45549",83,"cm",4,489,485,0.00438052404889917
"45550",83,"cm",4,490,486,0.00438052404889917
"45551",83,"cm",4,491,487,0.00438052404889917
"45552",83,"cm",4,492,488,0.00438052404889917
"46149",84,"cm",4,488,484,0.00438052404889917
"46150",84,"cm",4,489,485,0.00438052404889917
"46151",84,"cm",4,490,486,0.00438052404889917
"46152",84,"cm",4,491,487,0.00438052404889917
"46153",84,"cm",4,492,488,0.00438052404889917
"46750",85,"cm",4,488,484,0.00438052404889917
"46751",85,"cm",4,489,485,0.00438052404889917
"46752",85,"cm",4,490,486,0.00438052404889917
"46753",85,"cm",4,491,487,0.00438052404889917
"46754",85,"cm",4,492,488,0.00438052404889917
"47351",86,"cm",4,488,484,0.00438052404889917
"47352",86,"cm",4,489,485,0.00438052404889917
"47353",86,"cm",4,490,486,0.00438052404889917
"47354",86,"cm",4,491,487,0.00438052404889917
"47355",86,"cm",4,492,488,0.00438052404889917
"47952",87,"cm",4,488,484,0.00438052404889917
"47953",87,"cm",4,489,485,0.00438052404889917
"47954",87,"cm",4,490,486,0.00438052404889917
"47955",87,"cm",4,491,487,0.00438052404889917
"47956",87,"cm",4,492,488,0.00438052404889917
"48553",88,"cm",4,488,484,0.00438052404889917
"48554",88,"cm",4,489,485,0.00438052404889917
"48555",88,"cm",4,490,486,0.00438052404889917
"48556",88,"cm",4,491,487,0.00438052404889917
"48557",88,"cm",4,492,488,0.00438052404889917
"49154",89,"cm",4,488,484,0.00438052404889917
"49155",89,"cm",4,489,485,0.00438052404889917
"49156",89,"cm",4,490,486,0.00438052404889917
"49157",89,"cm",4,491,487,0.00438052404889917
"49158",89,"cm",4,492,488,0.00438052404889917
"49755",90,"cm",4,488,484,0.00438052404889917
"49756",90,"cm",4,489,485,0.00438052404889917
"49757",90,"cm",4,490,486,0.00438052404889917
"49758",90,"cm",4,491,487,0.00438052404889917
"49759",90,"cm",4,492,488,0.00438052404889917
"50356",92,"cm",4,488,484,0.00438052404889917
"50357",92,"cm",4,489,485,0.00438052404889917
"50358",92,"cm",4,490,486,0.00438052404889917
"50359",92,"cm",4,491,487,0.00438052404889917
"50360",92,"cm",4,492,488,0.00438052404889917
"50957",93,"cm",4,488,484,0.00438052404889917
"50958",93,"cm",4,489,485,0.00438052404889917
"50959",93,"cm",4,490,486,0.00438052404889917
"50960",93,"cm",4,491,487,0.00438052404889917
"50961",93,"cm",4,492,488,0.00438052404889917
"51558",94,"cm",4,488,484,0.00438052404889917
"51559",94,"cm",4,489,485,0.00438052404889917
"51560",94,"cm",4,490,486,0.00438052404889917
"51561",94,"cm",4,491,487,-1.46997122926547
"51562",94,"cm",4,492,488,-0.379078374456699
"52159",96,"cm",4,488,484,-0.0784690023258869
"52160",96,"cm",4,489,485,-0.0517107070485436
"52161",96,"cm",4,490,486,-0.102990059112844
"52162",96,"cm",4,491,487,-0.0746361325707771
"52163",96,"cm",4,492,488,0.0254796861314144
"52759",97,"cm",4,488,484,0.00438052404889917
"52760",97,"cm",4,489,485,0.00438052404889917
"52761",97,"cm",4,490,486,0.00438052404889917
"52762",97,"cm",4,491,487,0.00438052404889917
"52763",97,"cm",4,492,488,0.00438052404889917
"53360",98,"cm",4,488,484,0.00438052404889917
"53361",98,"cm",4,489,485,0.00438052404889917
"53362",98,"cm",4,490,486,0.00438052404889917
"53363",98,"cm",4,491,487,0.00438052404889917
"53364",98,"cm",4,492,488,0.00438052404889917
"53961",99,"cm",4,488,484,0.00438052404889917
"53962",99,"cm",4,489,485,0.00438052404889917
"53963",99,"cm",4,490,486,0.00438052404889917
"53964",99,"cm",4,491,487,0.00438052404889917
"53965",99,"cm",4,492,488,0.00438052404889917
"54562",100,"cm",4,488,484,0.00438052404889917
"54563",100,"cm",4,489,485,0.00438052404889917
"54564",100,"cm",4,490,486,0.00438052404889917
"54565",100,"cm",4,491,487,0.00438052404889917
"54566",100,"cm",4,492,488,0.00438052404889917
"55163",101,"cm",4,488,484,0.00438052404889917
"55164",101,"cm",4,489,485,0.00438052404889917
"55165",101,"cm",4,490,486,0.00438052404889917
"55166",101,"cm",4,491,487,0.00438052404889917
"55167",101,"cm",4,492,488,0.00438052404889917
"55764",102,"cm",4,488,484,0.00438052404889917
"55765",102,"cm",4,489,485,0.00438052404889917
"55766",102,"cm",4,490,486,0.00438052404889917
"55767",102,"cm",4,491,487,0.00438052404889917
"55768",102,"cm",4,492,488,0.00438052404889917
"56365",103,"cm",4,488,484,0.00438052404889917
"56366",103,"cm",4,489,485,0.00438052404889917
"56367",103,"cm",4,490,486,0.00438052404889917
"56368",103,"cm",4,491,487,0.00438052404889917
"56369",103,"cm",4,492,488,0.00438052404889917
"56966",104,"cm",4,488,484,0.00438052404889917
"56967",104,"cm",4,489,485,0.00438052404889917
"56968",104,"cm",4,490,486,0.00438052404889917
"56969",104,"cm",4,491,487,0.00438052404889917
"56970",104,"cm",4,492,488,0.00438052404889917
"57567",105,"cm",4,488,484,0.0779822611792358
"57568",105,"cm",4,489,485,0.152506605106441
"57569",105,"cm",4,490,486,0.0885124517252076
"57570",105,"cm",4,491,487,0.0885124517252076
"57571",105,"cm",4,492,488,0.230295809779726
"58168",106,"cm",4,488,484,0.00438052404889917
"58169",106,"cm",4,489,485,0.00438052404889917
"58170",106,"cm",4,490,486,0.00438052404889917
"58171",106,"cm",4,491,487,0.00438052404889917
"58172",106,"cm",4,492,488,0.00438052404889917
"58769",107,"cm",4,488,484,0.00438052404889917
"58770",107,"cm",4,489,485,0.00438052404889917
"58771",107,"cm",4,490,486,0.00438052404889917
"58772",107,"cm",4,491,487,0.00438052404889917
"58773",107,"cm",4,492,488,0.00438052404889917
"59370",108,"cm",4,488,484,0.00438052404889917
"59371",108,"cm",4,489,485,0.00438052404889917
"59372",108,"cm",4,490,486,0.00438052404889917
"59373",108,"cm",4,491,487,0.00438052404889917
"59374",108,"cm",4,492,488,0.00438052404889917
"59971",109,"cm",4,488,484,0.00438052404889917
"59972",109,"cm",4,489,485,0.00438052404889917
"59973",109,"cm",4,490,486,0.00438052404889917
"59974",109,"cm",4,491,487,0.00438052404889917
"59975",109,"cm",4,492,488,0.00438052404889917
"60572",110,"cm",4,488,484,0.00438052404889917
"60573",110,"cm",4,489,485,0.00438052404889917
"60574",110,"cm",4,490,486,0.00438052404889917
"60575",110,"cm",4,491,487,0.00438052404889917
"60576",110,"cm",4,492,488,0.00438052404889917
"61173",111,"cm",4,488,484,0.00438052404889917
"61174",111,"cm",4,489,485,0.00438052404889917
"61175",111,"cm",4,490,486,0.00438052404889917
"61176",111,"cm",4,491,487,0.00438052404889917
"61177",111,"cm",4,492,488,0.00438052404889917
"61774",112,"cm",4,488,484,0.00438052404889917
"61775",112,"cm",4,489,485,0.00438052404889917
"61776",112,"cm",4,490,486,0.00438052404889917
"61777",112,"cm",4,491,487,0.00438052404889917
"61778",112,"cm",4,492,488,0.00438052404889917
"62375",113,"cm",4,488,484,0.00438052404889917
"62376",113,"cm",4,489,485,0.00438052404889917
"62377",113,"cm",4,490,486,0.00438052404889917
"62378",113,"cm",4,491,487,0.00438052404889917
"62379",113,"cm",4,492,488,0.00438052404889917
"62976",114,"cm",4,488,484,0.00438052404889917
"62977",114,"cm",4,489,485,0.00438052404889917
"62978",114,"cm",4,490,486,0.00438052404889917
"62979",114,"cm",4,491,487,0.00438052404889917
"62980",114,"cm",4,492,488,0.00438052404889917
"63577",115,"cm",4,488,484,0.00438052404889917
"63578",115,"cm",4,489,485,0.00438052404889917
"63579",115,"cm",4,490,486,0.00438052404889917
"63580",115,"cm",4,491,487,0.00438052404889917
"63581",115,"cm",4,492,488,0.00438052404889917
"64178",116,"cm",4,488,484,0.00438052404889917
"64179",116,"cm",4,489,485,0.00438052404889917
"64180",116,"cm",4,490,486,0.00438052404889917
"64181",116,"cm",4,491,487,0.00438052404889917
"64182",116,"cm",4,492,488,0.00438052404889917
"64779",117,"cm",4,488,484,-0.0347569651097873
"64780",117,"cm",4,489,485,-0.0936063723949335
"64781",117,"cm",4,490,486,-0.0114585673314575
"64782",117,"cm",4,491,487,-0.0481451756794464
"64783",117,"cm",4,492,488,-0.0288724933385109
"65380",118,"cm",4,488,484,0.00438052404889917
"65381",118,"cm",4,489,485,0.00438052404889917
"65382",118,"cm",4,490,486,0.00438052404889917
"65383",118,"cm",4,491,487,0.00438052404889917
"65384",118,"cm",4,492,488,0.00438052404889917
"65981",119,"cm",4,488,484,0.00438052404889917
"65982",119,"cm",4,489,485,0.00438052404889917
"65983",119,"cm",4,490,486,0.00438052404889917
"65984",119,"cm",4,491,487,0.00438052404889917
"65985",119,"cm",4,492,488,0.00438052404889917
"66582",120,"cm",4,488,484,0.0476461911633294
"66583",120,"cm",4,489,485,-0.0734094799331502
"66584",120,"cm",4,490,486,-0.0538137996251221
"66585",120,"cm",4,491,487,-0.0225509648214174
"66586",120,"cm",4,492,488,0.0153113225824525
"67183",121,"cm",4,488,484,0.00438052404889917
"67184",121,"cm",4,489,485,0.00438052404889917
"67185",121,"cm",4,490,486,0.00438052404889917
"67186",121,"cm",4,491,487,0.00438052404889917
"67187",121,"cm",4,492,488,0.00438052404889917
"67784",122,"cm",4,488,484,0.00438052404889917
"67785",122,"cm",4,489,485,0.00438052404889917
"67786",122,"cm",4,490,486,0.00438052404889917
"67787",122,"cm",4,491,487,0.00438052404889917
"67788",122,"cm",4,492,488,0.00438052404889917
"68385",123,"cm",4,488,484,0.00438052404889917
"68386",123,"cm",4,489,485,0.00438052404889917
"68387",123,"cm",4,490,486,0.00438052404889917
"68388",123,"cm",4,491,487,0.00438052404889917
"68389",123,"cm",4,492,488,0.00438052404889917
"68986",124,"cm",4,488,484,-0.0886638133674234
"68987",124,"cm",4,489,485,0.0255600514964485
"68988",124,"cm",4,490,486,0.00427832278278569
"68989",124,"cm",4,491,487,0.0077213761577954
"68990",124,"cm",4,492,488,-0.0153997982661071
"69587",125,"cm",4,488,484,0.00438052404889917
"69588",125,"cm",4,489,485,0.00438052404889917
"69589",125,"cm",4,490,486,0.00438052404889917
"69590",125,"cm",4,491,487,0.00438052404889917
"69591",125,"cm",4,492,488,0.00438052404889917
"70188",126,"cm",4,488,484,0.0481372132765953
"70189",126,"cm",4,489,485,0.0864153369386132
"70190",126,"cm",4,490,486,0.0527486336955141
"70191",126,"cm",4,491,487,-0.276891371795386
"70192",126,"cm",4,492,488,-0.258436069310838
"70789",127,"cm",4,488,484,0.00438052404889917
"70790",127,"cm",4,489,485,0.00438052404889917
"70791",127,"cm",4,490,486,0.00438052404889917
"70792",127,"cm",4,491,487,0.00438052404889917
"70793",127,"cm",4,492,488,0.00438052404889917
"71390",128,"cm",4,488,484,0.0517052905399095
"71391",128,"cm",4,489,485,-0.185735503236279
"71392",128,"cm",4,490,486,0.0450188024394282
"71393",128,"cm",4,491,487,-0.058475452807975
"71394",128,"cm",4,492,488,-0.0730801530235391
"71991",129,"cm",4,488,484,0.00438052404889917
"71992",129,"cm",4,489,485,0.00438052404889917
"71993",129,"cm",4,490,486,0.00438052404889917
"71994",129,"cm",4,491,487,0.00438052404889917
"71995",129,"cm",4,492,488,0.00438052404889917
"72592",130,"cm",4,488,484,0.00438052404889917
"72593",130,"cm",4,489,485,0.00438052404889917
"72594",130,"cm",4,490,486,0.00438052404889917
"72595",130,"cm",4,491,487,0.00438052404889917
"72596",130,"cm",4,492,488,0.00438052404889917
"73193",131,"cm",4,488,484,3.80287563934677e-05
"73194",131,"cm",4,489,485,0.0137627058769138
"73195",131,"cm",4,490,486,0.0968511129057723
"73196",131,"cm",4,491,487,-0.262569287714291
"73197",131,"cm",4,492,488,-0.206404805095431
"73794",132,"cm",4,488,484,0.00438052404889917
"73795",132,"cm",4,489,485,0.00438052404889917
"73796",132,"cm",4,490,486,0.00438052404889917
"73797",132,"cm",4,491,487,0.00438052404889917
"73798",132,"cm",4,492,488,0.00438052404889917
"74395",133,"cm",4,488,484,-0.0497444152977414
"74396",133,"cm",4,489,485,0.032288266317884
"74397",133,"cm",4,490,486,-0.0463725606792099
"74398",133,"cm",4,491,487,0.0981108145932603
"74399",133,"cm",4,492,488,0.00618776483514201
"74996",134,"cm",4,488,484,0.00438052404889917
"74997",134,"cm",4,489,485,0.00438052404889917
"74998",134,"cm",4,490,486,0.00438052404889917
"74999",134,"cm",4,491,487,0.00438052404889917
"75000",134,"cm",4,492,488,0.00438052404889917
"75597",135,"cm",4,488,484,0.0691810120027325
"75598",135,"cm",4,489,485,0.323455528490482
"75599",135,"cm",4,490,486,0.539326796385347
"75600",135,"cm",4,491,487,0.399286089285716
"75601",135,"cm",4,492,488,0.00438052404889917
"76198",136,"cm",4,488,484,-0.0641172132726524
"76199",136,"cm",4,489,485,0.0278529286889531
"76200",136,"cm",4,490,486,-0.0319068262808308
"76201",136,"cm",4,491,487,0.0205103743343784
"76202",136,"cm",4,492,488,-0.0621385073099777
"76799",137,"cm",4,488,484,0.0304181885415466
"76800",137,"cm",4,489,485,0.0769555137683389
"76801",137,"cm",4,490,486,0.0672490025648227
"76802",137,"cm",4,491,487,0.0742335360640088
"76803",137,"cm",4,492,488,0.0265999938346581
"77400",138,"cm",4,488,484,0.218351253001755
"77401",138,"cm",4,489,485,0.0493607673863421
"77402",138,"cm",4,490,486,0.216627629918377
"77403",138,"cm",4,491,487,0.0249876796725922
"77404",138,"cm",4,492,488,-0.0166276739047984
"78001",139,"cm",4,488,484,0.00438052404889917
"78002",139,"cm",4,489,485,0.00438052404889917
"78003",139,"cm",4,490,486,0.00438052404889917
"78004",139,"cm",4,491,487,0.00438052404889917
"78005",139,"cm",4,492,488,0.00438052404889917
"78602",140,"cm",4,488,484,0.00438052404889917
"78603",140,"cm",4,489,485,0.00438052404889917
"78604",140,"cm",4,490,486,0.00438052404889917
"78605",140,"cm",4,491,487,0.00438052404889917
"78606",140,"cm",4,492,488,0.00438052404889917
"79203",142,"cm",4,488,484,0.00438052404889917
"79204",142,"cm",4,489,485,0.00438052404889917
"79205",142,"cm",4,490,486,0.00438052404889917
"79206",142,"cm",4,491,487,0.00438052404889917
"79207",142,"cm",4,492,488,0.00438052404889917
"79804",143,"cm",4,488,484,0.00438052404889917
"79805",143,"cm",4,489,485,0.00438052404889917
"79806",143,"cm",4,490,486,0.00438052404889917
"79807",143,"cm",4,491,487,0.00438052404889917
"79808",143,"cm",4,492,488,0.00438052404889917
"80405",144,"cm",4,488,484,0.00438052404889917
"80406",144,"cm",4,489,485,0.00438052404889917
"80407",144,"cm",4,490,486,0.00438052404889917
"80408",144,"cm",4,491,487,0.00438052404889917
"80409",144,"cm",4,492,488,0.00438052404889917
"81006",145,"cm",4,488,484,0.0118715828592085
"81007",145,"cm",4,489,485,-0.0500352033068905
"81008",145,"cm",4,490,486,-0.125661032369114
"81009",145,"cm",4,491,487,-0.0839705196945921
"81010",145,"cm",4,492,488,-0.0746098655615999
"81607",146,"cm",4,488,484,0.00438052404889917
"81608",146,"cm",4,489,485,0.00438052404889917
"81609",146,"cm",4,490,486,0.00438052404889917
"81610",146,"cm",4,491,487,0.00438052404889917
"81611",146,"cm",4,492,488,0.00438052404889917
"82208",147,"cm",4,488,484,0.00438052404889917
"82209",147,"cm",4,489,485,0.00438052404889917
"82210",147,"cm",4,490,486,0.00438052404889917
"82211",147,"cm",4,491,487,0.00438052404889917
"82212",147,"cm",4,492,488,0.00438052404889917
"82809",148,"cm",4,488,484,0.00438052404889917
"82810",148,"cm",4,489,485,0.00438052404889917
"82811",148,"cm",4,490,486,0.00438052404889917
"82812",148,"cm",4,491,487,0.00438052404889917
"82813",148,"cm",4,492,488,0.00438052404889917
"83410",149,"cm",4,488,484,-0.0957208993787523
"83411",149,"cm",4,489,485,0.0563441616607281
"83412",149,"cm",4,490,486,0.0125798502541939
"83413",149,"cm",4,491,487,0.0194046288659549
"83414",149,"cm",4,492,488,0.020005726272359
"84011",150,"cm",4,488,484,0.0240987841400269
"84012",150,"cm",4,489,485,0.0866148733612787
"84013",150,"cm",4,490,486,0.00945539164269616
"84014",150,"cm",4,491,487,0.0173652641091326
"84015",150,"cm",4,492,488,-0.0185871234408604
"84612",151,"cm",4,488,484,0.00438052404889917
"84613",151,"cm",4,489,485,0.00438052404889917
"84614",151,"cm",4,490,486,0.00438052404889917
"84615",151,"cm",4,491,487,0.00438052404889917
"84616",151,"cm",4,492,488,0.00438052404889917
"85213",152,"cm",4,488,484,0.00438052404889917
"85214",152,"cm",4,489,485,0.00438052404889917
"85215",152,"cm",4,490,486,0.00438052404889917
"85216",152,"cm",4,491,487,0.00438052404889917
"85217",152,"cm",4,492,488,0.00438052404889917
"85814",153,"cm",4,488,484,0.00438052404889917
"85815",153,"cm",4,489,485,0.00438052404889917
"85816",153,"cm",4,490,486,0.00438052404889917
"85817",153,"cm",4,491,487,0.00438052404889917
"85818",153,"cm",4,492,488,0.00438052404889917
"86415",154,"cm",4,488,484,0.00438052404889917
"86416",154,"cm",4,489,485,0.00438052404889917
"86417",154,"cm",4,490,486,0.00438052404889917
"86418",154,"cm",4,491,487,0.00438052404889917
"86419",154,"cm",4,492,488,0.00438052404889917
"87016",155,"cm",4,488,484,0.342628272341158
"87017",155,"cm",4,489,485,0.0434713079278412
"87018",155,"cm",4,490,486,0.341824391897802
"87019",155,"cm",4,491,487,0.0642517776122287
"87020",155,"cm",4,492,488,0.0279789932456233
"87617",156,"cm",4,488,484,0.0889351406240204
"87618",156,"cm",4,489,485,0.0757087097949307
"87619",156,"cm",4,490,486,0.00839741589690583
"87620",156,"cm",4,491,487,0.0872665385881737
"87621",156,"cm",4,492,488,0.0522953917685366
"88218",157,"cm",4,488,484,0.00438052404889917
"88219",157,"cm",4,489,485,0.00438052404889917
"88220",157,"cm",4,490,486,0.00438052404889917
"88221",157,"cm",4,491,487,0.00438052404889917
"88222",157,"cm",4,492,488,0.00438052404889917
"88819",158,"cm",4,488,484,0.00438052404889917
"88820",158,"cm",4,489,485,0.00438052404889917
"88821",158,"cm",4,490,486,0.00438052404889917
"88822",158,"cm",4,491,487,0.00438052404889917
"88823",158,"cm",4,492,488,0.00438052404889917
"89420",159,"cm",4,488,484,0.00438052404889917
"89421",159,"cm",4,489,485,0.00438052404889917
"89422",159,"cm",4,490,486,0.00438052404889917
"89423",159,"cm",4,491,487,0.00438052404889917
"89424",159,"cm",4,492,488,0.00438052404889917
"90021",160,"cm",4,488,484,0.0602083562391985
"90022",160,"cm",4,489,485,0.167166564005532
"90023",160,"cm",4,490,486,0.0954201215409707
"90024",160,"cm",4,491,487,0.167166564005532
"90025",160,"cm",4,492,488,0.411015229211122
"90622",161,"cm",4,488,484,0.0612524439345577
"90623",161,"cm",4,489,485,0.0602083562391985
"90624",161,"cm",4,490,486,0.168099648216947
"90625",161,"cm",4,491,487,0.00438052404889917
"90626",161,"cm",4,492,488,0.00438052404889917
"91223",162,"cm",4,488,484,-0.0340286751679443
"91224",162,"cm",4,489,485,-0.0302957288326232
"91225",162,"cm",4,490,486,-0.0893106649545895
"91226",162,"cm",4,491,487,0.0553094896848987
"91227",162,"cm",4,492,488,-0.00372430581696669
"91824",163,"cm",4,488,484,0.167166564005532
"91825",163,"cm",4,489,485,0.083548463775967
"91826",163,"cm",4,490,486,-1.58131128696287
"91827",163,"cm",4,491,487,0.163742872542663
"91828",163,"cm",4,492,488,0.0585775063165579
"92425",164,"cm",4,488,484,0.00438052404889917
"92426",164,"cm",4,489,485,0.00438052404889917
"92427",164,"cm",4,490,486,0.00438052404889917
"92428",164,"cm",4,491,487,0.00438052404889917
"92429",164,"cm",4,492,488,0.00438052404889917
"93026",165,"cm",4,488,484,0.149608805189214
"93027",165,"cm",4,489,485,0.109475593817088
"93028",165,"cm",4,490,486,-0.199588368088054
"93029",165,"cm",4,491,487,0.080804563755189
"93030",165,"cm",4,492,488,0.571109672777132
"93627",166,"cm",4,488,484,0.00438052404889917
"93628",166,"cm",4,489,485,0.00438052404889917
"93629",166,"cm",4,490,486,0.00438052404889917
"93630",166,"cm",4,491,487,0.00438052404889917
"93631",166,"cm",4,492,488,0.00438052404889917
"94228",167,"cm",4,488,484,0.0271689702104324
"94229",167,"cm",4,489,485,-0.0320378233487592
"94230",167,"cm",4,490,486,-0.01735553266835
"94231",167,"cm",4,491,487,-0.0357337822373539
"94232",167,"cm",4,492,488,-0.0668416644729558
"94829",168,"cm",4,488,484,0.00438052404889917
"94830",168,"cm",4,489,485,0.00438052404889917
"94831",168,"cm",4,490,486,0.00438052404889917
"94832",168,"cm",4,491,487,0.00438052404889917
"94833",168,"cm",4,492,488,0.00438052404889917
"95430",169,"cm",4,488,484,0.00438052404889917
"95431",169,"cm",4,489,485,0.00438052404889917
"95432",169,"cm",4,490,486,0.00438052404889917
"95433",169,"cm",4,491,487,0.00438052404889917
"95434",169,"cm",4,492,488,0.00438052404889917
"96031",170,"cm",4,488,484,0.00438052404889917
"96032",170,"cm",4,489,485,0.00438052404889917
"96033",170,"cm",4,490,486,0.00438052404889917
"96034",170,"cm",4,491,487,0.00438052404889917
"96035",170,"cm",4,492,488,0.00438052404889917
"96632",171,"cm",4,488,484,0.00438052404889917
"96633",171,"cm",4,489,485,0.00438052404889917
"96634",171,"cm",4,490,486,0.00438052404889917
"96635",171,"cm",4,491,487,0.00438052404889917
"96636",171,"cm",4,492,488,0.00438052404889917
"97233",172,"cm",4,488,484,0.00438052404889917
"97234",172,"cm",4,489,485,0.00438052404889917
"97235",172,"cm",4,490,486,0.00438052404889917
"97236",172,"cm",4,491,487,0.00438052404889917
"97237",172,"cm",4,492,488,0.00438052404889917
"97834",173,"cm",4,488,484,0.00438052404889917
"97835",173,"cm",4,489,485,0.00438052404889917
"97836",173,"cm",4,490,486,0.00438052404889917
"97837",173,"cm",4,491,487,0.00438052404889917
"97838",173,"cm",4,492,488,0.00438052404889917
"98435",174,"cm",4,488,484,0.00438052404889917
"98436",174,"cm",4,489,485,0.00438052404889917
"98437",174,"cm",4,490,486,0.00438052404889917
"98438",174,"cm",4,491,487,0.00438052404889917
"98439",174,"cm",4,492,488,0.00438052404889917
"99036",176,"cm",4,488,484,0.00438052404889917
"99037",176,"cm",4,489,485,0.00438052404889917
"99038",176,"cm",4,490,486,0.00438052404889917
"99039",176,"cm",4,491,487,0.00438052404889917
"99040",176,"cm",4,492,488,0.00438052404889917
"99637",177,"cm",4,488,484,0.00438052404889917
"99638",177,"cm",4,489,485,0.00438052404889917
"99639",177,"cm",4,490,486,0.00438052404889917
"99640",177,"cm",4,491,487,0.00438052404889917
"99641",177,"cm",4,492,488,0.00438052404889917
"100238",178,"cm",4,488,484,0.00438052404889917
"100239",178,"cm",4,489,485,0.00438052404889917
"100240",178,"cm",4,490,486,0.00438052404889917
"100241",178,"cm",4,491,487,0.00438052404889917
"100242",178,"cm",4,492,488,0.00438052404889917
"100839",179,"cm",4,488,484,0.00438052404889917
"100840",179,"cm",4,489,485,0.00438052404889917
"100841",179,"cm",4,490,486,0.00438052404889917
"100842",179,"cm",4,491,487,0.00438052404889917
"100843",179,"cm",4,492,488,0.00438052404889917
"101440",180,"cm",4,488,484,0.00438052404889917
"101441",180,"cm",4,489,485,0.00438052404889917
"101442",180,"cm",4,490,486,0.00438052404889917
"101443",180,"cm",4,491,487,0.00438052404889917
"101444",180,"cm",4,492,488,0.00438052404889917
"102041",181,"cm",4,488,484,0.00438052404889917
"102042",181,"cm",4,489,485,0.00438052404889917
"102043",181,"cm",4,490,486,0.00438052404889917
"102044",181,"cm",4,491,487,0.00438052404889917
"102045",181,"cm",4,492,488,0.00438052404889917
"102642",182,"cm",4,488,484,0.00438052404889917
"102643",182,"cm",4,489,485,0.00438052404889917
"102644",182,"cm",4,490,486,0.00438052404889917
"102645",182,"cm",4,491,487,0.00438052404889917
"102646",182,"cm",4,492,488,0.00438052404889917
"103243",183,"cm",4,488,484,0.00438052404889917
"103244",183,"cm",4,489,485,0.00438052404889917
"103245",183,"cm",4,490,486,0.00438052404889917
"103246",183,"cm",4,491,487,0.00438052404889917
"103247",183,"cm",4,492,488,0.00438052404889917
"103844",184,"cm",4,488,484,0.108294750336547
"103845",184,"cm",4,489,485,0.156800408171113
"103846",184,"cm",4,490,486,0.00438052404889917
"103847",184,"cm",4,491,487,0.00438052404889917
"103848",184,"cm",4,492,488,0.00438052404889917
"104445",198,"cm",4,488,484,0.00438052404889917
"104446",198,"cm",4,489,485,0.00438052404889917
"104447",198,"cm",4,490,486,0.00438052404889917
"104448",198,"cm",4,491,487,0.00438052404889917
"104449",198,"cm",4,492,488,0.00438052404889917
"105046",199,"cm",4,488,484,0.00438052404889917
"105047",199,"cm",4,489,485,0.00438052404889917
"105048",199,"cm",4,490,486,0.00438052404889917
"105049",199,"cm",4,491,487,0.00438052404889917
"105050",199,"cm",4,492,488,0.00438052404889917
"105647",205,"cm",4,488,484,0.00438052404889917
"105648",205,"cm",4,489,485,0.00438052404889917
"105649",205,"cm",4,490,486,0.00438052404889917
"105650",205,"cm",4,491,487,0.00438052404889917
"105651",205,"cm",4,492,488,0.00438052404889917
"106248",206,"cm",4,488,484,0.00438052404889917
"106249",206,"cm",4,489,485,0.00438052404889917
"106250",206,"cm",4,490,486,0.00438052404889917
"106251",206,"cm",4,491,487,0.00438052404889917
"106252",206,"cm",4,492,488,0.00438052404889917
"106849",209,"cm",4,488,484,-0.109587513933187
"106850",209,"cm",4,489,485,0.135718195704323
"106851",209,"cm",4,490,486,0.071108300836323
"106852",209,"cm",4,491,487,0.0360796588485831
"106853",209,"cm",4,492,488,0.0668537522153633
"107450",213,"cm",4,488,484,-0.0406808044561171
"107451",213,"cm",4,489,485,-0.0654138710532502
"107452",213,"cm",4,490,486,-0.039852823294001
"107453",213,"cm",4,491,487,-0.0190705283596963
"107454",213,"cm",4,492,488,-0.0482366162621858
"108051",214,"cm",4,488,484,-0.0373863463086164
"108052",214,"cm",4,489,485,0.0416137118460492
"108053",214,"cm",4,490,486,0.00484903903111288
"108054",214,"cm",4,491,487,-0.0286238041470997
"108055",214,"cm",4,492,488,-0.0466163018741479
"108652",218,"cm",4,488,484,0.0269093870024915
"108653",218,"cm",4,489,485,-0.0897909233115722
"108654",218,"cm",4,490,486,0.49320261191234
"108655",218,"cm",4,491,487,-0.00469402880390408
"108656",218,"cm",4,492,488,0.357391310237055
"109253",220,"cm",4,488,484,-0.0459181367248846
"109254",220,"cm",4,489,485,-0.0360648663628412
"109255",220,"cm",4,490,486,-0.0271860007318178
"109256",220,"cm",4,491,487,-0.0196450145440242
"109257",220,"cm",4,492,488,0.0587315474322253
"109854",222,"cm",4,488,484,-0.0235711869784648
"109855",222,"cm",4,489,485,-0.118564190006306
"109856",222,"cm",4,490,486,-0.0297869745754336
"109857",222,"cm",4,491,487,-0.0586260743795012
"109858",222,"cm",4,492,488,-0.00183529264008515
"110455",223,"cm",4,488,484,-0.00805538794174747
"110456",223,"cm",4,489,485,-0.0597336416662061
"110457",223,"cm",4,490,486,-0.0594396127273537
"110458",223,"cm",4,491,487,0.0380348437105752
"110459",223,"cm",4,492,488,0.0738119259187161
"111056",231,"cm",4,488,484,0.00438052404889917
"111057",231,"cm",4,489,485,0.00438052404889917
"111058",231,"cm",4,490,486,0.00438052404889917
"111059",231,"cm",4,491,487,0.00438052404889917
"111060",231,"cm",4,492,488,0.00438052404889917
"111657",232,"cm",4,488,484,0.00438052404889917
"111658",232,"cm",4,489,485,0.00438052404889917
"111659",232,"cm",4,490,486,0.00438052404889917
"111660",232,"cm",4,491,487,0.00438052404889917
"111661",232,"cm",4,492,488,0.00438052404889917
"112258",233,"cm",4,488,484,0.00438052404889917
"112259",233,"cm",4,489,485,0.00438052404889917
"112260",233,"cm",4,490,486,0.00438052404889917
"112261",233,"cm",4,491,487,0.00438052404889917
"112262",233,"cm",4,492,488,0.00438052404889917
"112859",234,"cm",4,488,484,0.00438052404889917
"112860",234,"cm",4,489,485,0.00438052404889917
"112861",234,"cm",4,490,486,0.00438052404889917
"112862",234,"cm",4,491,487,0.00438052404889917
"112863",234,"cm",4,492,488,0.00438052404889917
"113460",235,"cm",4,488,484,0.126342902219932
"113461",235,"cm",4,489,485,0.146963528022207
"113462",235,"cm",4,490,486,0.124927289298105
"113463",235,"cm",4,491,487,0.0889351406240204
"113464",235,"cm",4,492,488,0.146963528022207
"114061",237,"cm",4,488,484,-0.0338789428953262
"114062",237,"cm",4,489,485,-0.0128438368162059
"114063",237,"cm",4,490,486,-0.072205569393389
"114064",237,"cm",4,491,487,-0.0543531430061781
"114065",237,"cm",4,492,488,-0.0634458985984601
"114662",242,"cm",4,488,484,0.00438052404889917
"114663",242,"cm",4,489,485,0.00438052404889917
"114664",242,"cm",4,490,486,0.00438052404889917
"114665",242,"cm",4,491,487,0.00438052404889917
"114666",242,"cm",4,492,488,0.00438052404889917
"115263",243,"cm",4,488,484,0.00438052404889917
"115264",243,"cm",4,489,485,0.00438052404889917
"115265",243,"cm",4,490,486,0.00438052404889917
"115266",243,"cm",4,491,487,0.00438052404889917
"115267",243,"cm",4,492,488,0.00438052404889917
"115864",244,"cm",4,488,484,0.00438052404889917
"115865",244,"cm",4,489,485,0.00438052404889917
"115866",244,"cm",4,490,486,0.00438052404889917
"115867",244,"cm",4,491,487,0.00438052404889917
"115868",244,"cm",4,492,488,0.00438052404889917
"116465",245,"cm",4,488,484,0.0987141041812043
"116466",245,"cm",4,489,485,0.0158077076110318
"116467",245,"cm",4,490,486,-0.0148604726287135
"116468",245,"cm",4,491,487,-0.0764496187384967
"116469",245,"cm",4,492,488,-0.0831046106726885
"117066",246,"cm",4,488,484,0.108896759606868
"117067",246,"cm",4,489,485,-0.262456242691036
"117068",246,"cm",4,490,486,0.0401235566978004
"117069",246,"cm",4,491,487,0.0512677640944612
"117070",246,"cm",4,492,488,0.0287320450036353
